Workbook

Sheet Bug Log
A1: BUG REPORT – DELPRESENCE
A4: Bug ID | B4: Title | C4: Module | D4: Platform | E4: Type | F4: Severity | G4: Priority | H4: Status | I4: Environment | J4: Pre-condition | K4: Steps to Reproduce | L4: Expected Result | M4: Actual Result | N4: Evidence File | O4: Related TC | P4: Reported By | Q4: Reported Date | R4: Assigned To | S4: Fix / Retest Date | T4: Notes
A5: BUG-001 | B5: Tombol Enter pada field Password tidak men-submit form login | C5: Autentikasi | D5: Web | E5: Functional | F5: Medium | G5: P3 | H5: Closed | I5: Chrome · localhost:3000 / API :8080 | J5: Berada di halaman /login | K5: 1. Buka /login 2. Isi Username dan Password valid 3. Tekan Enter pada keyboard | L5: Form ter-submit dan user diarahkan ke Dashboard | M5: Tidak terjadi apa-apa; user harus mengklik tombol Login | N5: BUG-001_enter-login.png | O5: MTC-AUTH-003 | P5: Marshanda Simangunsong | Q5: 45782 | R5: Frontend Dev | S5: 45797 | T5: Retest 20 Mei 2025: Pass.
A6: BUG-002 | B6: Menghapus fakultas yang masih memiliki Program Studi menampilkan pesan teknis server | C6: Data Fakultas | D6: Web | E6: Functional | F6: Medium | G6: P2 | H6: Closed | I6: Chrome · localhost:3000 / API :8080 | J6: Fakultas memiliki minimal 1 Program Studi | K6: 1. Buka menu Fakultas 2. Klik aksi > Hapus pada fakultas yang memiliki Program Studi 3. Konfirmasi hapus | L6: Penghapusan ditolak dengan pesan yang mudah dipahami (mis. 'Fakultas masih memiliki Program Studi') | M6: Muncul toast 'Internal Server Error' (HTTP 500) tanpa penjelasan | N6: BUG-002_hapus-fakultas.png | O6: MTC-FAC-005 | P6: Marshanda Simangunsong | Q6: 45782 | R6: Backend Dev | S6: 45798 | T6: Retest 21 Mei 2025: Pass, pesan sudah informatif.
A7: BUG-003 | B7: Jumlah Lantai gedung menerima nilai negatif | C7: Data Gedung | D7: Web | E7: Validation | F7: Medium | G7: P3 | H7: Fixed | I7: Chrome · localhost:3000 / API :8080 | J7: Admin login | K7: 1. Buka menu Gedung > Tambah Gedung 2. Isi Jumlah Lantai = -3 3. Klik Simpan | L7: Input ditolak dengan pesan validasi (nilai minimal 1) | M7: Gedung tersimpan dengan Jumlah Lantai -3 | N7: BUG-003_lantai-negatif.png | O7: MTC-BLD-002 | P7: Marshanda Simangunsong | Q7: 45782 | R7: Frontend Dev | S7: 45799 | T7: Perbaikan sudah di-deploy; menunggu retest.
A8: BUG-004 | B8: Kapasitas ruangan menerima nilai negatif | C8: Data Ruangan | D8: Web | E8: Validation | F8: Medium | G8: P3 | H8: Open | I8: Chrome · localhost:3000 / API :8080 | J8: Admin login | K8: 1. Buka menu Ruangan > Tambah Ruangan 2. Isi Kapasitas = -10 3. Klik Simpan | L8: Input ditolak dengan pesan validasi | M8: Ruangan tersimpan dengan kapasitas -10 | N8: BUG-004_kapasitas-negatif.png | O8: MTC-RMS-002 | P8: Marshanda Simangunsong | Q8: 45782 | R8: Frontend Dev | S8: - | T8: Kemungkinan akar masalah sama dengan BUG-003 (tidak ada validasi min di sisi server).
A9: BUG-005 | B9: Tanggal Selesai tahun akademik dapat lebih awal dari Tanggal Mulai | C9: Tahun Akademik | D9: Web | E9: Validation | F9: High | G9: P2 | H9: Closed | I9: Chrome · localhost:3000 / API :8080 | J9: Admin login | K9: 1. Buka menu Tahun Akademik > Tambah 2. Tanggal Mulai 01-08-2025, Tanggal Selesai 01-07-2025 3. Klik Simpan | L9: Input ditolak dengan pesan 'Tanggal selesai harus setelah tanggal mulai' | M9: Data tersimpan; berpotensi merusak penentuan semester aktif | N9: BUG-005_tanggal-akademik.png | O9: MTC-ACY-002 | P9: Marshanda Simangunsong | Q9: 45782 | R9: Backend Dev | S9: 45797 | T9: Retest 20 Mei 2025: Pass.
A10: BUG-006 | B10: Klik ganda tombol 'Mulai Sesi' membuat dua sesi presensi aktif | C10: Presensi | D10: Web | E10: Functional | F10: Medium | G10: P2 | H10: In Progress | I10: Chrome · localhost:3000 / API :8080 | J10: Dosen login; ada kelas aktif | K10: 1. Kelola Presensi > Mulai Presensi 2. Pilih QR Code 3. Klik Mulai Sesi dua kali dengan cepat | L10: Hanya satu sesi aktif terbentuk | M10: Dua sesi aktif terbentuk untuk kelas yang sama (request POST ganda) | N10: BUG-007_double-session.png | O10: MTC-LEC-003 | P10: Marshanda Simangunsong | Q10: 45782 | R10: Frontend Dev | S10: - | T10: Usulan: disable tombol saat request berjalan + idempotency di backend.
A11: BUG-007 | B11: QR dari sesi presensi yang sudah ditutup masih dapat dipakai untuk absen | C11: Presensi | D11: Mobile | E11: Security | F11: High | G11: P1 | H11: Open | I11: Android (perangkat uji) · Mobile App | J11: Sesi presensi telah ditutup dosen; mahasiswa memiliki tangkapan QR lama | K11: 1. Buka Absensi > Scan QR 2. Pindai QR dari sesi yang sudah ditutup 3. Klik Kirim | L11: Absensi ditolak karena sesi sudah berakhir | M11: Muncul 'Absensi berhasil' dan kehadiran tercatat | N11: BUG-008_qr-expired.png | O11: MTC-MOB-004 | P11: Marshanda Simangunsong | Q11: 45782 | R11: Backend Dev | S11: - | T11: Risiko kecurangan presensi (titip absen).
A12: BUG-008 | B12: Hitung mundur 5 detik pendaftaran wajah tidak ter-reset saat wajah hilang dari kamera | C12: Registrasi Wajah | D12: Mobile | E12: Functional | F12: Low | G12: P4 | H12: Open | I12: Android (perangkat uji) · Mobile App | J12: Mahasiswa login; izin kamera aktif | K12: 1. Pengaturan > Daftarkan Wajah > Lanjutkan 2. Tampilkan wajah 2 detik lalu palingkan wajah 3. Amati hitung mundur | L12: Hitung mundur berhenti/reset saat wajah tidak terdeteksi | M12: Hitung mundur tetap berjalan dan pendaftaran dianggap selesai | N12: BUG-009_face-countdown.png | O12: MTC-MOB-002 | P12: Marshanda Simangunsong | Q12: 45782 | R12: Mobile Dev | S12: - | T12: Berpotensi menghasilkan data wajah berkualitas rendah.
A13: BUG-009 | B13: Label tombol pada form edit tidak konsisten ('Perbarui' vs 'Simpan') | C13: Antarmuka | D13: Web | E13: UI | F13: Low | G13: P4 | H13: Closed | I13: Chrome · localhost:3000 / API :8080 | J13: Admin login | K13: 1. Buka form Edit pada Fakultas 2. Buka form Edit pada Ruangan 3. Bandingkan label tombol aksi | L13: Label tombol konsisten di seluruh form edit | M13: Fakultas memakai 'Perbarui', Ruangan memakai 'Simpan' | N13: BUG-010_label-tombol.png | O13: MTC-FAC-003 | P13: Marshanda Simangunsong | Q13: 45782 | R13: Frontend Dev | S13: 45796 | T13: Retest 19 Mei 2025: Pass.

Sheet Summary
B2: DEFECT SUMMARY
B3: Seluruh angka dihitung otomatis dari sheet 'Bug Log'.
B5: Severity \ Status | C5: Open | D5: In Progress | E5: Fixed | F5: Closed | G5: Total
B6: Critical | C6: =COUNTIFS('Bug Log'!$F$5:$F$14,$B6,'Bug Log'!$H$5:$H$14,C$5) -> 0 | D6: =COUNTIFS('Bug Log'!$F$5:$F$14,$B6,'Bug Log'!$H$5:$H$14,D$5) -> 0 | E6: =COUNTIFS('Bug Log'!$F$5:$F$14,$B6,'Bug Log'!$H$5:$H$14,E$5) -> 0 | F6: =COUNTIFS('Bug Log'!$F$5:$F$14,$B6,'Bug Log'!$H$5:$H$14,F$5) -> 0 | G6: =SUM(C6:F6) -> 0
B7: High | C7: =COUNTIFS('Bug Log'!$F$5:$F$14,$B7,'Bug Log'!$H$5:$H$14,C$5) -> 1 | D7: =COUNTIFS('Bug Log'!$F$5:$F$14,$B7,'Bug Log'!$H$5:$H$14,D$5) -> 0 | E7: =COUNTIFS('Bug Log'!$F$5:$F$14,$B7,'Bug Log'!$H$5:$H$14,E$5) -> 0 | F7: =COUNTIFS('Bug Log'!$F$5:$F$14,$B7,'Bug Log'!$H$5:$H$14,F$5) -> 1 | G7: =SUM(C7:F7) -> 2
B8: Medium | C8: =COUNTIFS('Bug Log'!$F$5:$F$14,$B8,'Bug Log'!$H$5:$H$14,C$5) -> 1 | D8: =COUNTIFS('Bug Log'!$F$5:$F$14,$B8,'Bug Log'!$H$5:$H$14,D$5) -> 1 | E8: =COUNTIFS('Bug Log'!$F$5:$F$14,$B8,'Bug Log'!$H$5:$H$14,E$5) -> 1 | F8: =COUNTIFS('Bug Log'!$F$5:$F$14,$B8,'Bug Log'!$H$5:$H$14,F$5) -> 2 | G8: =SUM(C8:F8) -> 5
B9: Low | C9: =COUNTIFS('Bug Log'!$F$5:$F$14,$B9,'Bug Log'!$H$5:$H$14,C$5) -> 1 | D9: =COUNTIFS('Bug Log'!$F$5:$F$14,$B9,'Bug Log'!$H$5:$H$14,D$5) -> 0 | E9: =COUNTIFS('Bug Log'!$F$5:$F$14,$B9,'Bug Log'!$H$5:$H$14,E$5) -> 0 | F9: =COUNTIFS('Bug Log'!$F$5:$F$14,$B9,'Bug Log'!$H$5:$H$14,F$5) -> 1 | G9: =SUM(C9:F9) -> 2
B10: Total | C10: =SUM(C6:C9) -> 3 | D10: =SUM(D6:D9) -> 1 | E10: =SUM(E6:E9) -> 1 | F10: =SUM(F6:F9) -> 4 | G10: =SUM(G6:G9) -> 9
B12: BY TYPE
B13: Type | C13: Count | D13: % of total
B14: Functional | C14: =COUNTIF('Bug Log'!$E$5:$E$14,B14) -> 4 | D14: =IF($G$10=0,0,C14/$G$10) -> 0.44444444
B15: Validation | C15: =COUNTIF('Bug Log'!$E$5:$E$14,B15) -> 3 | D15: =IF($G$10=0,0,C15/$G$10) -> 0.33333333
B16: Performance | C16: =COUNTIF('Bug Log'!$E$5:$E$14,B16) -> 0 | D16: =IF($G$10=0,0,C16/$G$10) -> 0
B17: Security | C17: =COUNTIF('Bug Log'!$E$5:$E$14,B17) -> 1 | D17: =IF($G$10=0,0,C17/$G$10) -> 0.11111111
B18: UI | C18: =COUNTIF('Bug Log'!$E$5:$E$14,B18) -> 1 | D18: =IF($G$10=0,0,C18/$G$10) -> 0.11111111
B20: KEY METRICS
B21: Total defects found | C21: =G10 -> 9
B22: Still open (Open + In Progress + Fixed awaiting retest) | C22: =G10-F10 -> 5
B23: Closed | C23: =F10 -> 4
B24: Fix rate | C24: =IF(G10=0,0,F10/G10) -> 0.44444444
B25: Open High/Critical defects | C25: =C6+C7+D6+D7 -> 1
B26: Platform: Web | C26: =COUNTIF('Bug Log'!$D$5:$D$14,"Web") -> 7
B27: Platform: Mobile | C27: =COUNTIF('Bug Log'!$D$5:$D$14,"Mobile") -> 2

Sheet Legend
B2: SEVERITY & PRIORITY GUIDE
B4: Severity | C4: Definisi | D4: Contoh
B5: Critical | C5: Sistem crash / data hilang / fitur inti tidak dapat dipakai, tanpa workaround | D5: Login gagal untuk semua user
B6: High | C6: Fitur utama berjalan salah atau risiko keamanan/integritas data | D6: QR kedaluwarsa tetap diterima; respons > SLA
B7: Medium | C7: Fitur berjalan dengan penyimpangan; ada workaround | D7: Validasi input tidak ada; double submit
B8: Low | C8: Kosmetik / UX minor, tidak mengganggu fungsi | D8: Label tombol tidak konsisten
B10: Priority | C10: Waktu penanganan yang disarankan
B11: P1 | C11: Segera – blokir rilis
B12: P2 | C12: Sebelum rilis
B13: P3 | C13: Rilis berikutnya / bila waktu memungkinkan
B14: P4 | C14: Backlog
B16: Status flow: Open → In Progress → Fixed → Closed (atau Rejected bila bukan defect).
