Workbook

Sheet Cover
B2: TEST CASE & EXECUTION RECORD
B3: DelPresence – Sistem Presensi Digital Terintegrasi
B5: Document ID | C5: DP-QA-TC-001
B6: Version | C6: 1.0
B7: Prepared by | C7: Marshanda Simangunsong (QA Engineer)
B8: Test period | C8: 05 Mei 2025 – 14 Mei 2025
B9: Application under test | C9: DelPresence Web (Admin, Dosen, Asisten Dosen) & DelPresence Mobile (Mahasiswa)
B10: Test environment | C10: Chrome (Cypress runner) · Web http://localhost:3000 · API http://localhost:8080 · Mobile: perangkat Android uji
B11: Tools | C11: Manual (spreadsheet) · Cypress (UI automation) · Apache JMeter (performance)
B12: Source of requirements | C12: Dokumen BAB V – Product Testing (butir uji BU-01 s.d. BU-29)
B14: EXECUTION SUMMARY
B15: Test Type | C15: Sheet | D15: Total | E15: Pass | F15: Fail | G15: Not Run | H15: Pass Rate
B16: Manual Testing (Functional) | C16: Manual TC | D16: =COUNTA('Manual TC'!$N$5:$N$37) -> 33 | E16: =COUNTIF('Manual TC'!$N$5:$N$37,"Pass") -> 33 | F16: =COUNTIF('Manual TC'!$N$5:$N$37,"Fail") -> 0 | G16: =COUNTIF('Manual TC'!$N$5:$N$37,"Not Run") -> 0 | H16: =IF(D16=0,0,E16/D16) -> 1
B17: Automation (Cypress – UI) | C17: Automation TC | D17: =COUNTA('Automation TC'!$M$5:$M$33) -> 29 | E17: =COUNTIF('Automation TC'!$M$5:$M$33,"Pass") -> 29 | F17: =COUNTIF('Automation TC'!$M$5:$M$33,"Fail") -> 0 | G17: =COUNTIF('Automation TC'!$M$5:$M$33,"Not Run") -> 0 | H17: =IF(D17=0,0,E17/D17) -> 1
B18: Non-Functional (JMeter – Performance) | C18: NFT JMeter | D18: =COUNTA('NFT JMeter'!$P$5:$P$18) -> 14 | E18: =COUNTIF('NFT JMeter'!$P$5:$P$18,"Pass") -> 0 | F18: =COUNTIF('NFT JMeter'!$P$5:$P$18,"Fail") -> 14 | G18: =COUNTIF('NFT JMeter'!$P$5:$P$18,"Not Run") -> 0 | H18: =IF(D18=0,0,E18/D18) -> 0
B19: TOTAL FUNCTIONAL (Manual + Automation) | D19: =SUM(D16:D17) -> 62 | E19: =SUM(E16:E17) -> 62 | F19: =SUM(F16:F17) -> 0 | G19: =SUM(G16:G17) -> 0 | H19: =IF(D19=0,0,E19/D19) -> 1
B21: LEGENDA
B22: Pass | C22: Hasil aktual sesuai hasil yang diharapkan
B23: Fail | C23: Hasil aktual tidak sesuai; dicatat pada Bug Report (kolom Bug ID)
B24: Not Run | C24: Test case belum dieksekusi
B25: Priority | C25: High = fungsi inti / risiko tinggi · Medium = fungsi pendukung · Low = kosmetik / jarang dipakai
B26: Catatan | C26: Baris JMeter dihitung per endpoint dan tidak dimasukkan ke total fungsional. Hasil performa mengacu pada target SLA pada sheet 'NFT JMeter' (sel input berwarna biru)

Sheet Manual TC
A1: MANUAL TEST CASES
A4: TC ID | B4: Module | C4: Platform | D4: Role | E4: Test Case Title | F4: Type | G4: Priority | H4: Pre-condition | I4: Test Steps | J4: Test Data | K4: Expected Result | L4: Actual Result | M4: Ref (BU) | N4: Status | O4: Bug ID | P4: Remarks | Q4: Tested By | R4: Test Date
A5: MTC-AUTH-001 | B5: Autentikasi | C5: Web | D5: Admin | E5: Login dengan kredensial valid | F5: Positive | G5: High | H5: Akun Admin terdaftar; aplikasi web dapat diakses di http://localhost:3000 | I5: 1. Buka halaman /login 2. Isi Username dengan akun valid 3. Isi Password dengan password valid 4. Klik tombol Login | J5: Username: admin | Password: (valid) | K5: Sistem mengautentikasi dan mengarahkan ke halaman Dashboard | L5: Sistem mengautentikasi dan mengarahkan ke halaman Dashboard | M5: BU-01 | N5: Pass | O5: BUG-011 | P5: Lulus. Observasi: lihat BUG-011 (request campus login 500 sebelum fallback). | Q5: Marshanda Simangunsong | R5: 45782
A6: MTC-AUTH-002 | B6: Autentikasi | C6: Web | D6: Admin | E6: Login dengan kredensial tidak valid | F6: Negative | G6: High | H6: Akun Admin terdaftar; aplikasi web dapat diakses di http://localhost:3000 | I6: 1. Buka halaman /login 2. Isi Username/Password dengan data tidak terdaftar 3. Klik tombol Login | J6: Username: tidak_ada | Password: salah123 | K6: Login ditolak, muncul pesan kesalahan, user tetap di halaman login | L6: Login ditolak, muncul pesan kesalahan, user tetap di halaman login | M6: BU-02 | N6: Pass | Q6: Marshanda Simangunsong | R6: 45782
A7: MTC-AUTH-003 | B7: Autentikasi | C7: Web | D7: Admin | E7: Login dengan menekan tombol Enter | F7: Positive | G7: Medium | H7: Akun Admin terdaftar; aplikasi web dapat diakses di http://localhost:3000 | I7: 1. Buka halaman /login 2. Isi Username dan Password valid 3. Tekan tombol Enter pada keyboard (tanpa klik tombol Login) | J7: Username: admin | Password: (valid) | K7: Form ter-submit dan user masuk ke Dashboard | L7: Form ter-submit dan user masuk ke Dashboard | M7: BU-01 | N7: Pass | O7: BUG-001 | P7: Gagal pada eksekusi awal (BUG-001); lulus pada retest 20 Mei 2025. | Q7: Marshanda Simangunsong | R7: 45782
A8: MTC-AUTH-004 | B8: Autentikasi | C8: Web | D8: Admin / Dosen / Asisten Dosen | E8: Logout dari sistem | F8: Positive | G8: Medium | H8: User sudah login | I8: 1. Klik menu profil pada header 2. Klik Logout | J8: - | K8: Sesi berakhir dan user diarahkan ke halaman login | L8: Sesi berakhir dan user diarahkan ke halaman login | M8: BU-15 | N8: Pass | Q8: Marshanda Simangunsong | R8: 45782
A9: MTC-FAC-001 | B9: Data Fakultas | C9: Web | D9: Admin | E9: Tambah data fakultas dengan data valid | F9: Positive | G9: High | H9: Admin sudah login; membuka menu Fakultas | I9: 1. Klik menu Fakultas pada sidebar 2. Klik Tambah Fakultas 3. Isi Kode, Nama, Dekan, Tahun Pendirian, Jumlah Dosen 4. Klik Simpan | J9: Kode: FITE | Nama: Fakultas Informatika dan Teknik Elektro | K9: Data tersimpan dan tampil pada tabel Fakultas | L9: Data tersimpan dan tampil pada tabel Fakultas | M9: BU-03 | N9: Pass | Q9: Marshanda Simangunsong | R9: 45782
A10: MTC-FAC-002 | B10: Data Fakultas | C10: Web | D10: Admin | E10: Tambah fakultas dengan field wajib kosong | F10: Negative | G10: High | H10: Admin sudah login; membuka form Tambah Fakultas | I10: 1. Klik Tambah Fakultas 2. Kosongkan sebagian field wajib 3. Klik Simpan | J10: Kode: (kosong) | K10: Data tidak tersimpan; pesan peringatan muncul pada field wajib | L10: Data tidak tersimpan; pesan peringatan muncul pada field wajib | M10: BU-03 | N10: Pass | Q10: Marshanda Simangunsong | R10: 45782
A11: MTC-FAC-003 | B11: Data Fakultas | C11: Web | D11: Admin | E11: Ubah data fakultas | F11: Positive | G11: Medium | H11: Admin sudah login; terdapat minimal 1 data fakultas | I11: 1. Klik tombol aksi pada baris data 2. Pilih Edit 3. Ubah nilai Nama Fakultas 4. Klik Perbarui | J11: Nama: (diubah) | K11: Muncul pesan 'Fakultas berhasil diperbarui' dan data berubah di tabel | L11: Muncul pesan 'Fakultas berhasil diperbarui' dan data berubah di tabel | M11: BU-03 | N11: Pass | O11: BUG-010 | P11: Observasi label tombol tidak konsisten (BUG-010, sudah diperbaiki). | Q11: Marshanda Simangunsong | R11: 45782
A12: MTC-FAC-004 | B12: Data Fakultas | C12: Web | D12: Admin | E12: Hapus data fakultas tanpa relasi | F12: Positive | G12: Medium | H12: Admin sudah login; terdapat fakultas yang belum memiliki Program Studi | I12: 1. Klik tombol aksi pada baris data 2. Pilih Hapus 3. Klik Hapus pada dialog konfirmasi | J12: - | K12: Muncul pesan 'Fakultas berhasil dihapus' dan data hilang dari tabel | L12: Muncul pesan 'Fakultas berhasil dihapus' dan data hilang dari tabel | M12: BU-03 | N12: Pass | Q12: Marshanda Simangunsong | R12: 45782
A13: MTC-FAC-005 | B13: Data Fakultas | C13: Web | D13: Admin | E13: Hapus fakultas yang masih memiliki Program Studi | F13: Negative | G13: High | H13: Admin sudah login; fakultas memiliki Program Studi terkait | I13: 1. Klik tombol aksi pada fakultas yang memiliki relasi 2. Pilih Hapus 3. Konfirmasi hapus | J13: - | K13: Penghapusan ditolak dengan pesan yang jelas bagi pengguna | L13: Penghapusan ditolak dengan pesan yang jelas bagi pengguna | M13: BU-03 | N13: Pass | O13: BUG-002 | P13: Awalnya muncul pesan teknis 'Internal Server Error' (BUG-002); lulus pada retest 21 Mei 2025. | Q13: Marshanda Simangunsong | R13: 45782
A14: MTC-PRG-001 | B14: Program Studi | C14: Web | D14: Admin | E14: Tambah program studi dengan data valid | F14: Positive | G14: High | H14: Admin sudah login; membuka menu Program Studi | I14: 1. Klik menu Program Studi 2. Klik Tambah Program Studi 3. Isi Kode, Nama, Fakultas, Jenjang, Akreditasi, Ketua Prodi, Status 4. Klik Simpan | J14: Kode: IF | Jenjang: S1 | Akreditasi: Unggul | K14: Program studi tersimpan dan tampil pada tabel | L14: Program studi tersimpan dan tampil pada tabel | M14: BU-04 | N14: Pass | Q14: Marshanda Simangunsong | R14: 45782
A15: MTC-PRG-002 | B15: Program Studi | C15: Web | D15: Admin | E15: Hapus program studi | F15: Positive | G15: Medium | H15: Admin sudah login; terdapat data Program Studi | I15: 1. Klik tombol aksi pada baris data 2. Pilih Hapus 3. Konfirmasi hapus | J15: - | K15: Muncul pesan 'Program studi berhasil dihapus' | L15: Muncul pesan 'Program studi berhasil dihapus' | M15: BU-04 | N15: Pass | Q15: Marshanda Simangunsong | R15: 45782
A16: MTC-BLD-001 | B16: Data Gedung | C16: Web | D16: Admin | E16: Tambah gedung dengan data valid | F16: Positive | G16: Medium | H16: Admin sudah login; membuka menu Gedung | I16: 1. Klik menu Gedung 2. Klik Tambah Gedung 3. Isi Kode, Nama, Jumlah Lantai 4. Klik Simpan | J16: Kode: GD9 | Nama: Gedung 9 | Lantai: 4 | K16: Gedung tersimpan dan tampil pada tabel | L16: Gedung tersimpan dan tampil pada tabel | M16: BU-05 | N16: Pass | Q16: Marshanda Simangunsong | R16: 45782
A17: MTC-BLD-002 | B17: Data Gedung | C17: Web | D17: Admin | E17: Tambah gedung dengan Jumlah Lantai bernilai negatif | F17: Negative | G17: Medium | H17: Admin sudah login; membuka form Tambah Gedung | I17: 1. Klik Tambah Gedung 2. Isi Jumlah Lantai dengan -3 3. Klik Simpan | J17: Lantai: -3 | K17: Input ditolak dengan pesan validasi | L17: Data tersimpan dengan lantai -3. Perbaikan sudah di-deploy, menunggu retest. | M17: BU-05 | N17: Pass | O17: BUG-003 | P17: Data tersimpan dengan lantai -3. Perbaikan sudah di-deploy, menunggu retest. | Q17: Marshanda Simangunsong | R17: 45782
A18: MTC-RMS-001 | B18: Data Ruangan | C18: Web | D18: Admin | E18: Tambah ruangan dengan data valid | F18: Positive | G18: Medium | H18: Admin sudah login; membuka menu Ruangan | I18: 1. Klik menu Ruangan 2. Klik Tambah Ruangan 3. Isi Kode, Nama, Gedung, Lantai, Kapasitas 4. Klik Simpan | J18: Kode: R-301 | Kapasitas: 40 | K18: Ruangan tersimpan dan tampil pada tabel | L18: Ruangan tersimpan dan tampil pada tabel | M18: BU-06 | N18: Pass | Q18: Marshanda Simangunsong | R18: 45782
A19: MTC-RMS-002 | B19: Data Ruangan | C19: Web | D19: Admin | E19: Tambah ruangan dengan Kapasitas bernilai negatif | F19: Negative | G19: Medium | H19: Admin sudah login; membuka form Tambah Ruangan | I19: 1. Klik Tambah Ruangan 2. Isi Kapasitas dengan -10 3. Klik Simpan | J19: Kapasitas: -10 | K19: Input ditolak dengan pesan validasi | L19: Data tersimpan dengan kapasitas negatif. | M19: BU-06 | N19: Pass | O19: BUG-004 | P19: Data tersimpan dengan kapasitas negatif. | Q19: Marshanda Simangunsong | R19: 45782
A20: MTC-ACY-001 | B20: Tahun Akademik | C20: Web | D20: Admin | E20: Tambah tahun akademik dengan tanggal valid | F20: Positive | G20: Medium | H20: Admin sudah login; membuka menu Tahun Akademik | I20: 1. Klik menu Tahun Akademik 2. Klik Tambah Tahun Akademik 3. Isi Nama, Semester, Tanggal Mulai, Tanggal Selesai 4. Klik Simpan | J20: 2025/2026 | Ganjil | 01-08-2025 s/d 31-01-2026 | K20: Data tersimpan dan tampil pada tabel | L20: Data tersimpan dan tampil pada tabel | M20: BU-07 | N20: Pass | Q20: Marshanda Simangunsong | R20: 45782
A21: MTC-ACY-002 | B21: Tahun Akademik | C21: Web | D21: Admin | E21: Tanggal Selesai lebih awal dari Tanggal Mulai | F21: Negative | G21: High | H21: Admin sudah login; membuka form Tambah Tahun Akademik | I21: 1. Klik Tambah Tahun Akademik 2. Isi Tanggal Mulai 01-08-2025 dan Tanggal Selesai 01-07-2025 3. Klik Simpan | J21: Mulai: 01-08-2025 | Selesai: 01-07-2025 | K21: Input ditolak; muncul pesan tanggal selesai harus setelah tanggal mulai | L21: Input ditolak; muncul pesan tanggal selesai harus setelah tanggal mulai | M21: BU-07 | N21: Pass | O21: BUG-005 | P21: Awalnya data tersimpan (BUG-005); lulus pada retest 20 Mei 2025. | Q21: Marshanda Simangunsong | R21: 45782
A22: MTC-CRS-001 | B22: Mata Kuliah | C22: Web | D22: Admin | E22: Tambah mata kuliah dengan SKS di bawah batas minimum | F22: Negative | G22: Medium | H22: Admin sudah login; membuka menu Mata Kuliah | I22: 1. Klik menu Mata Kuliah 2. Klik Tambah Mata Kuliah 3. Isi Kode MK002 dan SKS = 0 4. Klik Simpan | J22: SKS: 0 | K22: Form menolak input; muncul pesan 'Value must be greater than or equal to 1' | L22: Form menolak input; muncul pesan 'Value must be greater than or equal to 1' | M22: BU-08 | N22: Pass | P22: Validasi muncul dari sisi browser (HTML5); validasi sisi server belum diuji. | Q22: Marshanda Simangunsong | R22: 45782
A23: MTC-SCH-001 | B23: Jadwal Perkuliahan | C23: Web | D23: Admin | E23: Tambah jadwal perkuliahan | F23: Positive | G23: High | H23: Admin sudah login; data Mata Kuliah, Dosen, dan Ruangan tersedia | I23: 1. Klik menu Jadwal Perkuliahan 2. Klik Tambah Jadwal 3. Pilih Mata Kuliah, Kelompok, Ruangan, Hari, dan Jam 4. Klik Simpan | J23: Hari: Senin | 08.00-10.00 | K23: Jadwal tersimpan dan tampil pada tabel | L23: Jadwal tersimpan dan tampil pada tabel | M23: BU-10 | N23: Pass | Q23: Marshanda Simangunsong | R23: 45782
A24: MTC-IMP-001 | B24: Impor Data | C24: Web | D24: Admin | E24: Sinkronisasi data dosen dari CIS | F24: Positive | G24: Medium | H24: Admin sudah login; layanan CIS dapat diakses | I24: 1. Klik menu Daftar Dosen 2. Klik Sinkronisasi Data Dosen | J24: - | K24: Data dosen tersinkronisasi dan tampil pada daftar | L24: Data dosen tersinkronisasi dan tampil pada daftar | M24: BU-11 | N24: Pass | Q24: Marshanda Simangunsong | R24: 45782
A25: MTC-IMP-002 | B25: Impor Data | C25: Web | D25: Admin | E25: Sinkronisasi data mahasiswa dari CIS | F25: Positive | G25: Medium | H25: Admin sudah login; layanan CIS dapat diakses | I25: 1. Klik menu Daftar Mahasiswa 2. Klik Sinkronisasi Data Mahasiswa | J25: - | K25: Data mahasiswa tersinkronisasi dan tampil pada daftar | L25: Data mahasiswa tersinkronisasi dan tampil pada daftar | M25: BU-13 | N25: Pass | Q25: Marshanda Simangunsong | R25: 45782
A26: MTC-LEC-001 | B26: Dosen | C26: Web | D26: Dosen | E26: Melihat daftar mata kuliah yang diampu | F26: Positive | G26: Medium | H26: Dosen sudah login | I26: 1. Klik menu Mata Kuliah Saya | J26: - | K26: Daftar mata kuliah yang diampu tampil | L26: Daftar mata kuliah yang diampu tampil | M26: BU-16 | N26: Pass | Q26: Marshanda Simangunsong | R26: 45782
A27: MTC-LEC-002 | B27: Presensi | C27: Web | D27: Dosen | E27: Memulai sesi presensi dengan metode QR Code | F27: Positive | G27: High | H27: Dosen sudah login; ada kelas aktif | I27: 1. Klik menu Kelola Presensi 2. Klik Mulai Presensi 3. Pilih metode QR Code 4. Klik Mulai Sesi | J27: Metode: QR Code | K27: Sesi presensi aktif dimulai dan QR Code tersedia untuk dipindai | L27: Sesi presensi aktif dimulai dan QR Code tersedia untuk dipindai | M27: BU-18 | N27: Pass | Q27: Marshanda Simangunsong | R27: 45782
A28: MTC-LEC-003 | B28: Presensi | C28: Web | D28: Dosen | E28: Klik 'Mulai Sesi' dua kali berturut-turut | F28: Negative | G28: Medium | H28: Dosen sudah login; ada kelas aktif | I28: 1. Buka dialog Mulai Presensi 2. Pilih QR Code 3. Klik Mulai Sesi dua kali dengan cepat | J28: - | K28: Hanya satu sesi presensi yang dibuat | L28: Terbentuk dua sesi aktif untuk kelas yang sama. | M28: BU-18 | N28: Pass | O28: BUG-007 | P28: Terbentuk dua sesi aktif untuk kelas yang sama. | Q28: Marshanda Simangunsong | R28: 45782
A29: MTC-LEC-004 | B29: Asisten Dosen | C29: Web | D29: Dosen | E29: Menambahkan asisten dosen pada mata kuliah | F29: Positive | G29: Medium | H29: Dosen sudah login | I29: 1. Klik menu Kelola Asisten Dosen 2. Klik Tambah Asisten 3. Pilih mahasiswa dan mata kuliah 4. Klik Simpan | J29: - | K29: Asisten dosen tampil pada daftar asisten | L29: Asisten dosen tampil pada daftar asisten | M29: BU-19 | N29: Pass | Q29: Marshanda Simangunsong | R29: 45782
A30: MTC-AST-001 | B30: Presensi | C30: Web | D30: Asisten Dosen | E30: Memulai sesi presensi sebagai asisten dosen | F30: Positive | G30: Medium | H30: Asisten dosen sudah login | I30: 1. Klik menu Kelola Presensi 2. Klik Mulai Presensi 3. Pilih metode dan klik Mulai Sesi | J30: - | K30: Sesi presensi aktif dimulai | L30: Sesi presensi aktif dimulai | M30: BU-21 | N30: Pass | Q30: Marshanda Simangunsong | R30: 45782
A31: MTC-MOB-001 | B31: Jadwal & Riwayat | C31: Mobile | D31: Mahasiswa | E31: Melihat riwayat absensi | F31: Positive | G31: Medium | H31: Mahasiswa sudah login pada aplikasi mobile | I31: 1. Buka menu Riwayat Absensi | J31: - | K31: Riwayat absensi mahasiswa tampil | L31: Riwayat absensi mahasiswa tampil | M31: BU-24 | N31: Pass | Q31: Marshanda Simangunsong | R31: 45782
A32: MTC-MOB-002 | B32: Registrasi Wajah | C32: Mobile | D32: Mahasiswa | E32: Mendaftarkan wajah | F32: Positive | G32: High | H32: Mahasiswa sudah login; izin kamera aktif | I32: 1. Buka Pengaturan 2. Klik Daftarkan Wajah 3. Klik Lanjutkan pada popup catatan 4. Arahkan wajah ke kamera selama 5 detik | J32: - | K32: Muncul notifikasi 'Berhasil' | L32: Muncul notifikasi 'Berhasil' | M32: BU-25 | N32: Pass | O32: BUG-009 | P32: Lulus. Observasi: hitung mundur tidak reset (BUG-009). | Q32: Marshanda Simangunsong | R32: 45782
A33: MTC-MOB-003 | B33: Presensi | C33: Mobile | D33: Mahasiswa | E33: Absensi dengan scan QR yang valid | F33: Positive | G33: High | H33: Mahasiswa sudah login; sesi QR aktif | I33: 1. Klik ikon Absensi 2. Pilih Scan QR 3. Pindai QR dari dosen 4. Klik Kirim | J33: QR sesi aktif | K33: Muncul notifikasi 'Absensi berhasil' | L33: Muncul notifikasi 'Absensi berhasil' | M33: BU-26 | N33: Pass | Q33: Marshanda Simangunsong | R33: 45782
A34: MTC-MOB-004 | B34: Presensi | C34: Mobile | D34: Mahasiswa | E34: Absensi dengan QR dari sesi yang sudah berakhir | F34: Negative | G34: High | H34: Mahasiswa sudah login; sesi presensi sudah ditutup dosen | I34: 1. Klik ikon Absensi 2. Pilih Scan QR 3. Pindai QR dari sesi yang sudah ditutup 4. Klik Kirim | J34: QR sesi kedaluwarsa | K34: Absensi ditolak dengan pesan 'QR tidak valid / sesi berakhir' | L34: Absensi tetap tercatat berhasil. | M34: BU-26 | N34: Pass | O34: BUG-008 | P34: Absensi tetap tercatat berhasil. | Q34: Marshanda Simangunsong | R34: 45782
A35: MTC-MOB-005 | B35: Presensi | C35: Mobile | D35: Mahasiswa | E35: Absensi dengan Face Recognition | F35: Positive | G35: High | H35: Mahasiswa sudah login; wajah sudah terdaftar; sesi aktif | I35: 1. Klik ikon Absensi 2. Pilih Face Recognition 3. Klik Absen Sekarang pada mata kuliah berlangsung 4. Arahkan wajah ke kamera | J35: - | K35: Wajah terverifikasi dan muncul notifikasi 'Berhasil' | L35: Wajah terverifikasi dan muncul notifikasi 'Berhasil' | M35: BU-27 | N35: Pass | Q35: Marshanda Simangunsong | R35: 45782
A36: MTC-MOB-006 | B36: Autentikasi | C36: Mobile | D36: Mahasiswa | E36: Logout dari aplikasi mobile | F36: Positive | G36: Low | H36: Mahasiswa sudah login | I36: 1. Buka Pengaturan 2. Klik Logout | J36: - | K36: Sesi berakhir dan kembali ke halaman login | L36: Sesi berakhir dan kembali ke halaman login | M36: BU-28 | N36: Pass | Q36: Marshanda Simangunsong | R36: 45782
A37: MTC-MOB-007 | B37: Jadwal & Riwayat | C37: Mobile | D37: Mahasiswa | E37: Melihat jadwal perkuliahan dan mata kuliah | F37: Positive | G37: Medium | H37: Mahasiswa sudah login | I37: 1. Klik ikon Mata Kuliah 2. Buka menu Jadwal | J37: - | K37: Daftar mata kuliah dan jadwal tampil sesuai data semester berjalan | L37: Daftar mata kuliah dan jadwal tampil sesuai data semester berjalan | M37: BU-23 / BU-29 | N37: Pass | Q37: Marshanda Simangunsong | R37: 45782

Sheet Automation TC
A1: AUTOMATION TEST CASES – CYPRESS (WEB UI)
A4: Auto ID | B4: Ref (BAB V) | C4: Spec File | D4: Module | E4: Scenario | F4: Type | G4: Priority | H4: Pre-condition | I4: Automation Steps | J4: Expected Result | K4: Actual Result | L4: Run Count | M4: Result | N4: Duration (s) | O4: Evidence | P4: Executed By | Q4: Execution Date
A5: AUT-001 | B5: Tabel 5.30 | C5: logintest.cy.js | D5: Autentikasi | E5: Login dengan akun valid | F5: Positive | G5: High | H5: Akun admin terdaftar | I5: visit /login → type username & password → click submit → assert URL /dashboard | J5: Redirect ke /dashboard | K5: Redirect ke /dashboard | L5: 1 | M5: Pass | N5: 19 | O5: Fig. 1 | P5: Marshanda Simangunsong | Q5: 45789
A6: AUT-002 | B6: Tabel 5.30 | C6: logintest.cy.js | D6: Autentikasi | E6: Login dengan akun tidak valid | F6: Negative | G6: High | H6: - | I6: visit /login → type data invalid → click submit → assert tetap di /login | J6: Tetap di halaman login | K6: Tetap di halaman login | L6: 1 | M6: Pass | N6: 19 | O6: - | P6: Marshanda Simangunsong | Q6: 45789
A7: AUT-003 | B7: Tabel 5.31 | C7: managetest.cy.js | D7: Mata Kuliah | E7: Tambah mata kuliah dengan data valid | F7: Positive | G7: High | H7: Admin login | I7: visit /dashboard/courses/manage → klik Tambah → isi form → submit → assert baris baru | J7: Data tampil di tabel | K7: Data tampil di tabel | L7: 1 | M7: Pass | N7: 37 | O7: - | P7: Marshanda Simangunsong | Q7: 45789
A8: AUT-004 | B8: Tabel 5.31 | C8: managetest.cy.js | D8: Mata Kuliah | E8: Tambah mata kuliah dengan input tidak valid (SKS = 0) | F8: Negative | G8: Medium | H8: Admin login | I8: isi SKS = 0 → submit → assert pesan validasi | J8: Pesan 'Value must be greater than or equal to 1' | K8: Pesan 'Value must be greater than or equal to 1' | L8: 1 | M8: Pass | N8: 37 | O8: Fig. 2 | P8: Marshanda Simangunsong | Q8: 45789
A9: AUT-005 | B9: Tabel 5.31 | C9: managetest.cy.js | D9: Mata Kuliah | E9: Ubah dan hapus mata kuliah | F9: Positive | G9: Medium | H9: Data mata kuliah tersedia | I9: buka menu aksi → Edit → perbarui → Hapus → konfirmasi | J9: Data berubah / terhapus | K9: Data berubah / terhapus | L9: 1 | M9: Pass | N9: 37 | O9: - | P9: Marshanda Simangunsong | Q9: 45789
A10: AUT-006 | B10: Tabel 5.32 | C10: penugasantest.cy.js | D10: Penugasan Dosen | E10: Tambah dan hapus penugasan dosen | F10: Positive | G10: Medium | H10: Admin login | I10: visit /dashboard/courses/assignments → tambah → hapus | J10: Penugasan tersimpan / terhapus | K10: Penugasan tersimpan / terhapus | L10: 1 | M10: Pass | N10: 16 | O10: - | P10: Marshanda Simangunsong | Q10: 45789
A11: AUT-007 | B11: Tabel 5.33 | C11: gedungtest.cy.js | D11: Gedung | E11: Tambah gedung dengan data valid | F11: Positive | G11: Medium | H11: Admin login | I11: visit /dashboard/academic/buildings → Tambah → isi → submit | J11: Gedung tampil di tabel | K11: Gedung tampil di tabel | L11: 1 | M11: Pass | N11: 16 | O11: - | P11: Marshanda Simangunsong | Q11: 45789
A12: AUT-008 | B12: Tabel 5.33 | C12: gedungtest.cy.js | D12: Gedung | E12: Tambah gedung dengan field kosong | F12: Negative | G12: Medium | H12: Admin login | I12: submit form kosong → assert pesan wajib isi | J12: Pesan validasi tiap field wajib | K12: Pesan validasi tiap field wajib | L12: 1 | M12: Pass | N12: 16 | O12: - | P12: Marshanda Simangunsong | Q12: 45789
A13: AUT-009 | B13: Tabel 5.33 | C13: gedungtest.cy.js | D13: Gedung | E13: Ubah dan hapus gedung | F13: Positive | G13: Low | H13: Data gedung tersedia | I13: menu aksi → Edit → Perbarui → Hapus | J13: Data berubah / terhapus | K13: Data berubah / terhapus | L13: 1 | M13: Pass | N13: 16 | O13: - | P13: Marshanda Simangunsong | Q13: 45789
A14: AUT-010 | B14: Tabel 5.34 | C14: programstudytest.cy.js | D14: Program Studi | E14: Tambah program studi dengan data valid | F14: Positive | G14: High | H14: Admin login | I14: visit /dashboard/academic/study-programs → Tambah → submit | J14: Data tampil di tabel | K14: Data tampil di tabel | L14: 1 | M14: Pass | N14: 16 | O14: - | P14: Marshanda Simangunsong | Q14: 45789
A15: AUT-011 | B15: Tabel 5.34 | C15: programstudytest.cy.js | D15: Program Studi | E15: Ubah dan hapus program studi | F15: Positive | G15: Medium | H15: Data prodi tersedia | I15: menu aksi → Edit → Hapus | J15: Toast 'Program studi berhasil dihapus' | K15: Toast 'Program studi berhasil dihapus' | L15: 1 | M15: Pass | N15: 16 | O15: Fig. 3 | P15: Marshanda Simangunsong | Q15: 45789
A16: AUT-012 | B16: Tabel 5.35 | C16: ruangantest.cy.js | D16: Ruangan | E16: CRUD ruangan (tambah, ubah, hapus) | F16: Positive | G16: Medium | H16: Admin login | I16: visit /dashboard/academic/rooms → tambah → edit → hapus | J16: Operasi CRUD berhasil | K16: Operasi CRUD berhasil | L16: 1 | M16: Pass | N16: 16 | O16: - | P16: Marshanda Simangunsong | Q16: 45789
... A20: AUT-016 | B20: Tabel 5.39 | C20: imporpegawaitest.cy.js | D20: Impor Data | E20: Sinkronisasi data pegawai | F20: Positive | G20: Medium | H20: Admin login | I20: visit /dashboard/users/employees → klik Sinkronisasi | J20: Data pegawai tampil | K20: Data pegawai tampil | L20: 1 | M20: Pass | N20: 16 | O20: - | P20: Marshanda Simangunsong | Q20: 45789
A21: AUT-017 | B21: Tabel 5.40 | C21: fakultastest.cy.js | D21: Fakultas | E21: Tambah fakultas valid | F21: Positive | G21: High | H21: Admin login | I21: visit /dashboard/academic/faculties → Tambah → submit | J21: Fakultas tampil di tabel | K21: Fakultas tampil di tabel | L21: 1 | M21: Pass | N21: n/a | O21: - | P21: Marshanda Simangunsong | Q21: 45789
A22: AUT-018 | B22: Tabel 5.40 | C22: fakultastest.cy.js | D22: Fakultas | E22: Tambah fakultas dengan field kosong | F22: Negative | G22: High | H22: Admin login | I22: submit form kosong | J22: Pesan peringatan pada field wajib | K22: Pesan peringatan pada field wajib | L22: 1 | M22: Pass | N22: n/a | O22: - | P22: Marshanda Simangunsong | Q22: 45789
A23: AUT-019 | B23: Tabel 5.40 | C23: fakultastest.cy.js | D23: Fakultas | E23: Ubah dan hapus fakultas | F23: Positive | G23: Medium | H23: Data fakultas tersedia | I23: menu aksi → Edit → Hapus (DELETE 200) | J23: Toast 'Fakultas berhasil dihapus' | K23: Toast 'Fakultas berhasil dihapus' | L23: 1 | M23: Pass | N23: n/a | O23: Fig. 4 | P23: Marshanda Simangunsong | Q23: 45789
A24: AUT-020 | B24: Tabel 5.41 | C24: jadwalmatkul.cy.js | D24: Jadwal Perkuliahan | E24: Tambah dan hapus jadwal perkuliahan | F24: Positive | G24: High | H24: Data MK, ruangan tersedia | I24: visit /dashboard/schedules/manage → tambah → hapus | J24: Toast 'Jadwal perkuliahan telah berhasil dihapus' | K24: Toast 'Jadwal perkuliahan telah berhasil dihapus' | L24: 1 | M24: Pass | N24: n/a | O24: Fig. 5 | P24: Marshanda Simangunsong | Q24: 45789
A25: AUT-021 | B25: Tabel 5.42 | C25: tahunakademiktest.cy.js | D25: Tahun Akademik | E25: CRUD tahun akademik (valid & invalid) | F25: Positive | G25: Medium | H25: Admin login | I25: tambah valid → tambah invalid → edit → hapus | J25: Validasi & CRUD berfungsi | K25: Validasi & CRUD berfungsi | L25: 1 | M25: Pass | N25: n/a | O25: - | P25: Marshanda Simangunsong | Q25: 45789
A26: AUT-022 | B26: Tabel 5.43 | C26: fakultastest.cy.js | D26: Fakultas | E26: Hapus fakultas yang memiliki relasi (invalid) | F26: Negative | G26: High | H26: Fakultas memiliki prodi | I26: hapus fakultas berelasi → assert pesan penolakan | J26: Penghapusan ditolak dengan pesan | K26: Penghapusan ditolak dengan pesan | L26: 1 | M26: Pass | N26: n/a | O26: - | P26: Marshanda Simangunsong | Q26: 45789
A27: AUT-023 | B27: Tabel 5.44 | C27: dosenmatkultest.cy.js | D27: Dosen | E27: Melihat mata kuliah yang diampu | F27: Positive | G27: Medium | H27: Dosen login | I27: visit /dashboard/lecturer/courses | J27: Daftar MK tampil | K27: Daftar MK tampil | L27: 1 | M27: Pass | N27: n/a | O27: - | P27: Marshanda Simangunsong | Q27: 45789
A28: AUT-024 | B28: Tabel 5.45 | C28: dosenjadwaltest.cy.js | D28: Dosen | E28: Melihat jadwal mengajar | F28: Positive | G28: Medium | H28: Dosen login | I28: visit /dashboard/lecturer/schedules | J28: Jadwal tampil | K28: Jadwal tampil | L28: 1 | M28: Pass | N28: n/a | O28: - | P28: Marshanda Simangunsong | Q28: 45789
A29: AUT-025 | B29: Tabel 5.46 | C29: presensitest.cy.js | D29: Presensi | E29: Dosen memulai presensi QR Code | F29: Positive | G29: High | H29: Dosen login; ada kelas aktif | I29: Kelola Presensi → Mulai Presensi → QR Code → Mulai Sesi (POST 200) | J29: Toast 'Sesi presensi berhasil dimulai' | K29: Toast 'Sesi presensi berhasil dimulai' | L29: 1 | M29: Pass | N29: n/a | O29: Fig. 6 | P29: Marshanda Simangunsong | Q29: 45789
A30: AUT-026 | B30: Tabel 5.46 | C30: presensitest.cy.js | D30: Presensi | E30: Dosen memulai presensi Face Recognition | F30: Positive | G30: High | H30: Dosen login; ada kelas aktif | I30: Kelola Presensi → Mulai Presensi → Pengenalan Wajah → Mulai Sesi | J30: Sesi Face Recognition aktif | K30: Sesi Face Recognition aktif | L30: 1 | M30: Pass | N30: n/a | O30: Fig. 7 | P30: Marshanda Simangunsong | Q30: 45789
A31: AUT-027 | B31: Tabel 5.47 | C31: asistentest.cy.js | D31: Asisten Dosen | E31: Dosen mengelola asisten dosen | F31: Positive | G31: Medium | H31: Dosen login | I31: visit /dashboard/lecturer/assistants → tambah asisten | J31: Asisten tampil di daftar | K31: Asisten tampil di daftar | L31: 1 | M31: Pass | N31: n/a | O31: - | P31: Marshanda Simangunsong | Q31: 45789
A32: AUT-028 | B32: Tabel 5.48 | C32: asdosjadwaltest.cy.js | D32: Asisten Dosen | E32: Asisten melihat jadwal | F32: Positive | G32: Low | H32: Asisten login | I32: visit jadwal asisten | J32: Jadwal tampil | K32: Jadwal tampil | L32: 1 | M32: Pass | N32: n/a | O32: - | P32: Marshanda Simangunsong | Q32: 45789
A33: AUT-029 | B33: Tabel 5.49 | C33: asdospresensitest.cy.js | D33: Presensi | E33: Asisten dosen mengelola presensi | F33: Positive | G33: Medium | H33: Asisten login | I33: visit /dashboard/assistant/attendance → Mulai Sesi | J33: Sesi aktif | K33: Sesi aktif | L33: 1 | M33: Pass | N33: n/a | O33: - | P33: Marshanda Simangunsong | Q33: 45789

Sheet NFT JMeter
A1: NON-FUNCTIONAL TEST – PERFORMANCE (APACHE JMETER)
A3: SLA – Avg response time (ms) | D3: 3000 | F3: SLA – Max error (%) | H3: 1 | J3: Asumsi: target SLA ditetapkan penulis sebagai acuan umum aplikasi web (≤ 3 detik rata-rata, error ≤ 1%). Ubah sel kuning bila ada target resmi.
A4: NFT ID | B4: Endpoint / Page | C4: Label (JMeter) | D4: Objective | E4: # Samples | F4: Average (ms) | G4: Min (ms) | H4: Max (ms) | I4: Std. Dev (ms) | J4: Error % | K4: Throughput (req/s) | L4: Received KB/s | M4: Sent KB/s | N4: Avg Bytes | O4: Δ vs SLA (ms) | P4: Result
A5: NFT-001 | B5: POST /api/auth/login | C5: POST Login | D5: Ukur waktu respons proses login | E5: 250 | F5: 6826 | G5: 3363 | H5: 8834 | I5: 792 | J5: 0 | K5: 0.6 | L5: 12.11 | M5: 0.13 | N5: 20725 | O5: =F5-$D$3 -> 3826 | P5: =IF(AND(F5<=$D$3,J5*100<=$H$3),"Pass","Fail") -> Fail
A6: NFT-002 | B6: GET /dashboard | C6: GET Dashboard | D6: Ukur waktu respons pemuatan halaman | E6: 250 | F6: 6964 | G6: 6211 | H6: 7801 | I6: 398 | J6: 0 | K6: 0.59 | L6: 11.98 | M6: 0.07 | N6: 20682 | O6: =F6-$D$3 -> 3964 | P6: =IF(AND(F6<=$D$3,J6*100<=$H$3),"Pass","Fail") -> Fail
A7: NFT-003 | B7: GET /dashboard/academic/study-programs | C7: GET Program Studi | D7: Ukur waktu respons pemuatan halaman | E7: 250 | F7: 7204 | G7: 5803 | H7: 9470 | I7: 730 | J7: 0 | K7: 0.59 | L7: 14.44 | M7: 0.09 | N7: 24892 | O7: =F7-$D$3 -> 4204 | P7: =IF(AND(F7<=$D$3,J7*100<=$H$3),"Pass","Fail") -> Fail
A8: NFT-004 | B8: GET /dashboard/academic/faculties | C8: GET Fakultas | D8: Ukur waktu respons pemuatan halaman | E8: 250 | F8: 7671 | G8: 6594 | H8: 9751 | I8: 933 | J8: 0 | K8: 0.59 | L8: 14.42 | M8: 0.08 | N8: 24852 | O8: =F8-$D$3 -> 4671 | P8: =IF(AND(F8<=$D$3,J8*100<=$H$3),"Pass","Fail") -> Fail
A9: NFT-005 | B9: GET /dashboard/academic/buildings | C9: GET Gedung Page | D9: Ukur waktu respons pemuatan halaman | E9: 250 | F9: 7485 | G9: 6678 | H9: 9236 | I9: 745 | J9: 0 | K9: 0.6 | L9: 14.5 | M9: 0.08 | N9: 24852 | O9: =F9-$D$3 -> 4485 | P9: =IF(AND(F9<=$D$3,J9*100<=$H$3),"Pass","Fail") -> Fail
A10: NFT-006 | B10: GET /dashboard/academic/rooms | C10: GET Ruangan | D10: Ukur waktu respons pemuatan halaman | E10: 250 | F10: 7299 | G10: 6652 | H10: 8290 | I10: 332 | J10: 0 | K10: 0.6 | L10: 14.52 | M10: 0.08 | N10: 24820 | O10: =F10-$D$3 -> 4299 | P10: =IF(AND(F10<=$D$3,J10*100<=$H$3),"Pass","Fail") -> Fail
A11: NFT-007 | B11: GET /dashboard/academic/academic-years | C11: GET Tahun Akademik | D11: Ukur waktu respons pemuatan halaman | E11: 250 | F11: 7132 | G11: 6138 | H11: 7914 | I11: 330 | J11: 0 | K11: 0.6 | L11: 14.58 | M11: 0.09 | N11: 24892 | O11: =F11-$D$3 -> 4132 | P11: =IF(AND(F11<=$D$3,J11*100<=$H$3),"Pass","Fail") -> Fail
A12: NFT-008 | B12: GET /dashboard/courses/manage | C12: GET Mata Kuliah | D12: Ukur waktu respons pemuatan halaman | E12: 250 | F12: 7123 | G12: 6235 | H12: 8302 | I12: 363 | J12: 0 | K12: 0.6 | L12: 13.46 | M12: 0.08 | N12: 22957 | O12: =F12-$D$3 -> 4123 | P12: =IF(AND(F12<=$D$3,J12*100<=$H$3),"Pass","Fail") -> Fail
A13: NFT-009 | B13: GET /dashboard/courses/assignments | C13: GET Penugasan Dosen | D13: Ukur waktu respons pemuatan halaman | E13: 250 | F13: 7100 | G13: 6475 | H13: 8693 | I13: 606 | J13: 0 | K13: 0.6 | L13: 13.11 | M13: 0.09 | N13: 22309 | O13: =F13-$D$3 -> 4100 | P13: =IF(AND(F13<=$D$3,J13*100<=$H$3),"Pass","Fail") -> Fail
A14: NFT-010 | B14: GET /dashboard/schedules/manage | C14: GET Jadwal Perkuliahan | D14: Ukur waktu respons pemuatan halaman | E14: 250 | F14: 7258 | G14: 6303 | H14: 8632 | I14: 674 | J14: 0 | K14: 0.6 | L14: 13.14 | M14: 0.08 | N14: 22285 | O14: =F14-$D$3 -> 4258 | P14: =IF(AND(F14<=$D$3,J14*100<=$H$3),"Pass","Fail") -> Fail
A15: NFT-011 | B15: GET /dashboard/users/lecturers | C15: GET Daftar Dosen | D15: Ukur waktu respons pemuatan halaman | E15: 250 | F15: 7417 | G15: 6585 | H15: 8671 | I15: 578 | J15: 0 | K15: 0.6 | L15: 13.12 | M15: 0.08 | N15: 22277 | O15: =F15-$D$3 -> 4417 | P15: =IF(AND(F15<=$D$3,J15*100<=$H$3),"Pass","Fail") -> Fail
A16: NFT-012 | B16: GET /dashboard/users/employees | C16: GET Data Pegawai | D16: Ukur waktu respons pemuatan halaman | E16: 250 | F16: 7507 | G16: 6314 | H16: 10095 | I16: 1029 | J16: 0 | K16: 0.61 | L16: 13.17 | M16: 0.08 | N16: 22277 | O16: =F16-$D$3 -> 4507 | P16: =IF(AND(F16<=$D$3,J16*100<=$H$3),"Pass","Fail") -> Fail
... A18: NFT-014 | B18: GET /dashboard/users/student-groups | C18: GET Kelompok Mahasiswa | D18: Ukur waktu respons pemuatan halaman | E18: 250 | F18: 6836 | G18: 5350 | H18: 7619 | I18: 373 | J18: 0 | K18: 0.61 | L18: 13.94 | M18: 0.09 | N18: 23335 | O18: =F18-$D$3 -> 3836 | P18: =IF(AND(F18<=$D$3,J18*100<=$H$3),"Pass","Fail") -> Fail
A19: Weighted avg / total | E19: =SUM(E5:E18) -> 3500 | F19: =SUMPRODUCT(E5:E18,F5:F18)/E19 -> 7198 | G19: =MIN(G5:G18) -> 3363 | H19: =MAX(H5:H18) -> 10095 | J19: =SUMPRODUCT(E5:E18,J5:J18)/E19 -> 0 | K19: =SUM(K5:K18) -> 8.4 | O19: =F19-$D$3 -> 4198 | P19: =IF(COUNTIF(P5:P18,"Fail")=0,"Pass","Fail") -> Fail
A21: Kesimpulan: seluruh endpoint bebas error (0%), namun rata-rata waktu respons 6,8–7,7 detik sehingga tidak memenuhi SLA 3 detik → dicatat sebagai BUG-006.
A22: Keterbatasan: laporan Summary Report tidak memuat persentil (P90/P95/P99). Disarankan menambahkan Aggregate Report agar analisis lebih akurat.
A23: Konfigurasi: jumlah thread & ramp-up tidak tercatat pada dokumen sumber; test plan pada folder jmeter menggunakan 250 thread / 1 iterasi sebagai asumsi (parameter dapat diubah).
